{
  "Max Score": {
    "x": [
      25,
      50,
      75,
      100,
      125,
      150,
      175,
      200,
      225,
      250,
      275,
      300,
      325,
      350,
      375,
      400
    ],
    "y": [
      281.90430757546284,
      281.90430757546284,
      281.90430757546284,
      281.90430757546284,
      281.90430757546284,
      281.90430757546284,
      281.90430757546284,
      284.254694510119,
      284.254694510119,
      284.254694510119,
      284.254694510119,
      284.254694510119,
      284.254694510119,
      284.254694510119,
      284.254694510119,
      284.254694510119
    ]
  },
  "Archive Size": {
    "x": [
      0,
      25,
      50,
      75,
      100,
      125,
      150,
      175,
      200,
      225,
      250,
      275,
      300,
      325,
      350,
      375,
      400
    ],
    "y": [
      0,
      1234,
      1742,
      1962,
      2062,
      2210,
      2300,
      2370,
      2399,
      2457,
      2484,
      2488,
      2489,
      2489,
      2490,
      2491,
      2491
    ]
  }
}