{
  "Max Score": {
    "x": [
      25,
      50,
      75,
      100,
      125,
      150,
      175,
      200,
      225,
      250,
      275,
      300,
      325,
      350,
      375,
      400,
      425,
      450,
      475,
      500
    ],
    "y": [
      268.90318715587273,
      283.1130242696053,
      283.1130242696053,
      283.1130242696053,
      283.1130242696053,
      283.1130242696053,
      283.1130242696053,
      283.1130242696053,
      283.1130242696053,
      283.1130242696053,
      283.1130242696053,
      283.1130242696053,
      283.1130242696053,
      283.1130242696053,
      283.1130242696053,
      283.1130242696053,
      283.1130242696053,
      283.1130242696053,
      283.1130242696053,
      283.1130242696053
    ]
  },
  "Archive Size": {
    "x": [
      0,
      25,
      50,
      75,
      100,
      125,
      150,
      175,
      200,
      225,
      250,
      275,
      300,
      325,
      350,
      375,
      400,
      425,
      450,
      475,
      500
    ],
    "y": [
      0,
      1066,
      1444,
      1751,
      1940,
      2113,
      2288,
      2347,
      2394,
      2436,
      2481,
      2483,
      2488,
      2496,
      2498,
      2498,
      2498,
      2499,
      2500,
      2500,
      2500
    ]
  }
}