{"initial_reset_timestamp": 1652696673.7993314, "timestamps": [1652696677.6764376], "episode_lengths": [104], "episode_rewards": [29.159143737018866], "episode_types": ["t"]}