{"initial_reset_timestamp": 1649274555.151612, "timestamps": [1649274558.6188328], "episode_lengths": [175], "episode_rewards": [283.1130242696053], "episode_types": ["t"]}