{"initial_reset_timestamp": 1649264865.5333555, "timestamps": [1649264869.8891473], "episode_lengths": [235], "episode_rewards": [271.1284475559486], "episode_types": ["t"]}