{"initial_reset_timestamp": 1649272653.6616251, "timestamps": [1649272657.134333], "episode_lengths": [175], "episode_rewards": [286.45929368734033], "episode_types": ["t"]}