{"initial_reset_timestamp": 1652267910.6907866, "timestamps": [1652267914.6989043], "episode_lengths": [109], "episode_rewards": [-122.40741235794229], "episode_types": ["t"]}