{
  "Max Score": {
    "x": [
      25,
      50,
      75,
      100,
      125,
      150,
      175,
      200,
      225,
      250,
      275,
      300,
      325,
      350,
      375,
      400,
      425,
      450,
      475,
      500
    ],
    "y": [
      227.7933409801114,
      278.47625207382663,
      283.83626328740445,
      283.83626328740445,
      283.83626328740445,
      285.56817973822467,
      285.56817973822467,
      285.56817973822467,
      285.73543502232576,
      285.76028127565075,
      285.8528296521672,
      285.9621530228784,
      286.45929368734033,
      286.45929368734033,
      286.45929368734033,
      286.45929368734033,
      286.45929368734033,
      286.45929368734033,
      286.45929368734033,
      286.45929368734033
    ]
  },
  "Archive Size": {
    "x": [
      0,
      25,
      50,
      75,
      100,
      125,
      150,
      175,
      200,
      225,
      250,
      275,
      300,
      325,
      350,
      375,
      400,
      425,
      450,
      475,
      500
    ],
    "y": [
      0,
      760,
      984,
      1022,
      1036,
      1036,
      1036,
      1036,
      1036,
      1036,
      1036,
      1036,
      1036,
      1036,
      1036,
      1036,
      1036,
      1042,
      1087,
      1094,
      1129
    ]
  }
}