{
  "Max Score": {
    "x": [
      25,
      50,
      75,
      100,
      125,
      150,
      175,
      200,
      225,
      250,
      275,
      300,
      325,
      350,
      375,
      400,
      425,
      450,
      475,
      500
    ],
    "y": [
      225.35252917141224,
      242.5370313369394,
      242.5370313369394,
      242.5370313369394,
      242.5370313369394,
      254.75760104306502,
      273.00078147278253,
      273.00078147278253,
      279.40404999583876,
      279.40404999583876,
      279.40404999583876,
      279.40404999583876,
      279.40404999583876,
      279.40404999583876,
      282.35486806923495,
      283.3629297658538,
      283.3629297658538,
      283.3629297658538,
      283.3629297658538,
      283.3629297658538
    ]
  },
  "Archive Size": {
    "x": [
      0,
      25,
      50,
      75,
      100,
      125,
      150,
      175,
      200,
      225,
      250,
      275,
      300,
      325,
      350,
      375,
      400,
      425,
      450,
      475,
      500
    ],
    "y": [
      0,
      1219,
      1686,
      1855,
      1984,
      2131,
      2218,
      2253,
      2271,
      2294,
      2306,
      2364,
      2416,
      2445,
      2454,
      2454,
      2456,
      2456,
      2456,
      2456,
      2456
    ]
  }
}