{"initial_reset_timestamp": 1652268525.0182152, "timestamps": [1652268528.8509839], "episode_lengths": [102], "episode_rewards": [-30.455056118549308], "episode_types": ["t"]}