{"initial_reset_timestamp": 1653230164.070473, "timestamps": [1653230172.7609057], "episode_lengths": [248], "episode_rewards": [-58.304761249459105], "episode_types": ["t"]}