{
  "Max Score": {
    "x": [
      25,
      50,
      75,
      100,
      125,
      150,
      175,
      200,
      225,
      250,
      275,
      300,
      325,
      350,
      375,
      400
    ],
    "y": [
      277.3224725866738,
      284.2970833382524,
      285.92868278204577,
      285.92868278204577,
      286.2944597061925,
      286.2944597061925,
      286.40990049496975,
      286.6290505264034,
      286.6290505264034,
      286.6290505264034,
      286.6290505264034,
      286.6596410938813,
      286.66945055097324,
      286.6721925150369,
      286.6868205370453,
      286.6868205370453
    ]
  },
  "Archive Size": {
    "x": [
      0,
      25,
      50,
      75,
      100,
      125,
      150,
      175,
      200,
      225,
      250,
      275,
      300,
      325,
      350,
      375,
      400
    ],
    "y": [
      0,
      845,
      917,
      918,
      918,
      918,
      918,
      918,
      918,
      918,
      918,
      918,
      918,
      918,
      918,
      918,
      918
    ]
  }
}