{
  "Max Score": {
    "x": [
      25,
      50,
      75,
      100,
      125,
      150,
      175,
      200,
      225,
      250,
      275,
      300,
      325,
      350,
      375,
      400,
      425,
      450,
      475,
      500
    ],
    "y": [
      271.1284475559486,
      271.1284475559486,
      271.1284475559486,
      271.1284475559486,
      271.1284475559486,
      271.1284475559486,
      271.1284475559486,
      271.1284475559486,
      271.1284475559486,
      271.1284475559486,
      271.1284475559486,
      271.1284475559486,
      271.1284475559486,
      271.1284475559486,
      271.1284475559486,
      271.1284475559486,
      271.1284475559486,
      271.1284475559486,
      271.1284475559486,
      271.1284475559486
    ]
  },
  "Archive Size": {
    "x": [
      0,
      25,
      50,
      75,
      100,
      125,
      150,
      175,
      200,
      225,
      250,
      275,
      300,
      325,
      350,
      375,
      400,
      425,
      450,
      475,
      500
    ],
    "y": [
      0,
      1201,
      1669,
      1934,
      2161,
      2380,
      2429,
      2454,
      2466,
      2474,
      2493,
      2498,
      2498,
      2498,
      2500,
      2500,
      2500,
      2500,
      2500,
      2500,
      2500
    ]
  }
}