{"initial_reset_timestamp": 1649782676.2126362, "timestamps": [1649782679.4679222], "episode_lengths": [158], "episode_rewards": [283.3629297658538], "episode_types": ["t"]}